<?xml version="1.0" encoding="UTF-8"?>
<project-private xmlns="http://www.netbeans.org/ns/project-private/1">
    <editor-bookmarks xmlns="http://www.netbeans.org/ns/editor-bookmarks/2" lastBookmarkId="0"/>
    <open-files xmlns="http://www.netbeans.org/ns/projectui-open-files/2">
        <group>
            <file>file:/home/lsellan/NetBeansProjects/WarShipServer/src/warship/Player.java</file>
            <file>file:/home/lsellan/NetBeansProjects/WarShipServer/src/warship/Game.java</file>
            <file>file:/home/lsellan/NetBeansProjects/WarShipServer/src/warship/Ship.java</file>
            <file>file:/home/lsellan/NetBeansProjects/WarShipServer/src/warship/WarShipServer.java</file>
            <file>file:/home/lsellan/NetBeansProjects/WarShipServer/src/warship/Position.java</file>
        </group>
    </open-files>
</project-private>
